{
    "AUC": [
        0.8888490796089172,
        0.9760777950286865,
        0.9820753335952759,
        0.983494222164154,
        0.9907349944114685,
        0.9930405020713806,
        0.99545818567276,
        0.9981141686439514,
        0.9987079501152039,
        0.9979279637336731,
        0.9953085780143738
    ],
    "Precision": [
        0.794536828994751,
        0.9311164021492004,
        0.9334917068481445,
        0.9429928660392761,
        0.9501187801361084,
        0.9691211581230164,
        0.9667458534240723,
        0.970308780670166,
        0.9833729267120361,
        0.9869358539581299,
        0.9738717079162598
    ],
    "Recall": [
        0.794536828994751,
        0.9311164021492004,
        0.9334917068481445,
        0.9429928660392761,
        0.9501187801361084,
        0.9691211581230164,
        0.9667458534240723,
        0.970308780670166,
        0.9833729267120361,
        0.9869358539581299,
        0.9738717079162598
    ],
    "accuracy": [
        0.794536828994751,
        0.9311164021492004,
        0.9334917068481445,
        0.9429928660392761,
        0.9501187801361084,
        0.9691211581230164,
        0.9667458534240723,
        0.970308780670166,
        0.9833729267120361,
        0.9869358539581299,
        0.9738717079162598
    ],
    "loss": [
        0.5246710777282715,
        0.22870245575904846,
        0.20952339470386505,
        0.16435487568378448,
        0.13497143983840942,
        0.09426973760128021,
        0.07888488471508026,
        0.053851861506700516,
        0.05717014521360397,
        0.04055730625987053,
        0.07164200395345688
    ],
    "val_AUC": [
        0.5,
        0.5083333253860474,
        0.4861111640930176,
        0.5027778148651123,
        0.5083333253860474,
        0.49722224473953247,
        0.5617283582687378,
        0.452129602432251,
        0.44762346148490906,
        0.5031173229217529,
        0.5405246615409851
    ],
    "val_Precision": [
        0.5,
        0.5,
        0.5,
        0.5,
        0.5,
        0.5,
        0.5,
        0.5,
        0.5,
        0.5,
        0.5
    ],
    "val_Recall": [
        0.5,
        0.5,
        0.5,
        0.5,
        0.5,
        0.5,
        0.5,
        0.5,
        0.5,
        0.5,
        0.5
    ],
    "val_accuracy": [
        0.5,
        0.5,
        0.5,
        0.5,
        0.5,
        0.5,
        0.5,
        0.5,
        0.5,
        0.5,
        0.5
    ],
    "val_loss": [
        0.6950796246528625,
        0.7247021198272705,
        0.80718994140625,
        0.6969802379608154,
        0.7309959530830383,
        0.7764177322387695,
        0.722328245639801,
        0.8409441113471985,
        0.8245099186897278,
        1.0862125158309937,
        1.2845767736434937
    ],
    "learning_rate": [
        0.0010000000474974513,
        0.0010000000474974513,
        0.0010000000474974513,
        0.0010000000474974513,
        0.0010000000474974513,
        0.0010000000474974513,
        0.0005000000237487257,
        0.0005000000237487257,
        0.0005000000237487257,
        0.0005000000237487257,
        0.0005000000237487257
    ]
}