{
    "AUC": [
        0.8973233699798584,
        0.9511723518371582,
        0.9722511172294617,
        0.9896157383918762,
        0.9893541932106018,
        0.989587664604187,
        0.9936323165893555,
        0.9958996772766113,
        0.9936118721961975,
        0.9955456852912903,
        0.9952775835990906,
        0.9973186254501343,
        0.9985373020172119,
        0.9956379532814026,
        0.9959010481834412,
        0.996798038482666
    ],
    "Precision": [
        0.8123515248298645,
        0.8942992687225342,
        0.9168646335601807,
        0.9608076214790344,
        0.9584323167800903,
        0.95961993932724,
        0.9631829261779785,
        0.9714964628219604,
        0.970308780670166,
        0.9726840853691101,
        0.9726840853691101,
        0.970308780670166,
        0.9798099994659424,
        0.9738717079162598,
        0.9762470126152039,
        0.9679334759712219
    ],
    "Recall": [
        0.8123515248298645,
        0.8942992687225342,
        0.9168646335601807,
        0.9608076214790344,
        0.9584323167800903,
        0.95961993932724,
        0.9631829261779785,
        0.9714964628219604,
        0.970308780670166,
        0.9726840853691101,
        0.9726840853691101,
        0.970308780670166,
        0.9798099994659424,
        0.9738717079162598,
        0.9762470126152039,
        0.9679334759712219
    ],
    "accuracy": [
        0.8123515248298645,
        0.8942992687225342,
        0.9168646335601807,
        0.9608076214790344,
        0.9584323167800903,
        0.95961993932724,
        0.9631829261779785,
        0.9714964628219604,
        0.970308780670166,
        0.9726840853691101,
        0.9726840853691101,
        0.970308780670166,
        0.9798099994659424,
        0.9738717079162598,
        0.9762470126152039,
        0.9679334759712219
    ],
    "loss": [
        0.5338187217712402,
        0.39766401052474976,
        0.271971732378006,
        0.12275996059179306,
        0.13146625459194183,
        0.1253812611103058,
        0.10503330826759338,
        0.07543085515499115,
        0.11752311140298843,
        0.07947921007871628,
        0.08032671362161636,
        0.08548521995544434,
        0.049059994518756866,
        0.07837659120559692,
        0.08200706541538239,
        0.07300978153944016
    ],
    "val_AUC": [
        0.5,
        0.5,
        0.5,
        0.5,
        0.49166667461395264,
        0.5,
        0.5,
        0.5074074268341064,
        0.49802470207214355,
        0.44577163457870483,
        0.4921296238899231,
        0.5258950591087341,
        0.47768518328666687,
        0.5853703618049622,
        0.5209259390830994,
        0.4670678973197937
    ],
    "val_Precision": [
        0.5,
        0.5,
        0.5,
        0.5,
        0.5,
        0.5,
        0.5,
        0.5,
        0.5,
        0.4833333194255829,
        0.5,
        0.5,
        0.5,
        0.49444442987442017,
        0.5222222208976746,
        0.4722222089767456
    ],
    "val_Recall": [
        0.5,
        0.5,
        0.5,
        0.5,
        0.5,
        0.5,
        0.5,
        0.5,
        0.5,
        0.4833333194255829,
        0.5,
        0.5,
        0.5,
        0.49444442987442017,
        0.5222222208976746,
        0.4722222089767456
    ],
    "val_accuracy": [
        0.5,
        0.5,
        0.5,
        0.5,
        0.5,
        0.5,
        0.5,
        0.5,
        0.5,
        0.4833333194255829,
        0.5,
        0.5,
        0.5,
        0.49444442987442017,
        0.5222222208976746,
        0.4722222089767456
    ],
    "val_loss": [
        0.6923677325248718,
        0.8164928555488586,
        0.6927184462547302,
        0.9406580924987793,
        0.7002734541893005,
        0.692064106464386,
        0.8446885943412781,
        0.8922294974327087,
        0.7133133411407471,
        0.8200260996818542,
        0.9387917518615723,
        0.9076363444328308,
        0.7906320691108704,
        0.7359779477119446,
        1.8065234422683716,
        5.680705547332764
    ],
    "learning_rate": [
        0.0010000000474974513,
        0.0010000000474974513,
        0.0010000000474974513,
        0.0010000000474974513,
        0.0010000000474974513,
        0.0010000000474974513,
        0.0010000000474974513,
        0.0010000000474974513,
        0.0010000000474974513,
        0.0010000000474974513,
        0.0010000000474974513,
        0.0005000000237487257,
        0.0005000000237487257,
        0.0005000000237487257,
        0.0005000000237487257,
        0.0005000000237487257
    ]
}